cell,AUC,drug_name
HCI001,1,(5Z)-7-Oxozeaenol
HCI002,1,(5Z)-7-Oxozeaenol
HCI009,1,(5Z)-7-Oxozeaenol
HCI010,0,(5Z)-7-Oxozeaenol
STG139,0,(5Z)-7-Oxozeaenol
STG139M,0,(5Z)-7-Oxozeaenol
STG143,0,(5Z)-7-Oxozeaenol
STG195,1,(5Z)-7-Oxozeaenol
STG201,1,(5Z)-7-Oxozeaenol
STG282,0,(5Z)-7-Oxozeaenol
STG316,0,(5Z)-7-Oxozeaenol
STG335,0,(5Z)-7-Oxozeaenol
VHIO169,1,(5Z)-7-Oxozeaenol
VHIO179,0,(5Z)-7-Oxozeaenol
VHIO244,1,(5Z)-7-Oxozeaenol
HCI002,0,AICAR
HCI005,1,AICAR
HCI008,0,AICAR
HCI009,1,AICAR
HCI010,0,AICAR
HCI011,1,AICAR
IC007,1,AICAR
STG143,1,AICAR
STG195,1,AICAR
STG282,1,AICAR
STG316,0,AICAR
STG335,0,AICAR
VHIO098,0,AICAR
VHIO169,1,AICAR
VHIO179,0,AICAR
VHIO244,0,AICAR
HCI001,0,Axitinib
HCI002,1,Axitinib
HCI005,1,Axitinib
HCI008,1,Axitinib
HCI009,0,Axitinib
HCI010,0,Axitinib
HCI011,1,Axitinib
IC007,1,Axitinib
STG139,1,Axitinib
STG139M,1,Axitinib
STG143,1,Axitinib
STG195,1,Axitinib
STG201,1,Axitinib
STG282,0,Axitinib
STG316,0,Axitinib
STG335,0,Axitinib
VHIO098,0,Axitinib
VHIO169,0,Axitinib
VHIO179,0,Axitinib
VHIO244,0,Axitinib
HCI001,0,AZ628
HCI002,0,AZ628
HCI005,0,AZ628
HCI008,0,AZ628
HCI009,1,AZ628
HCI010,1,AZ628
HCI011,1,AZ628
IC007,1,AZ628
STG139,0,AZ628
STG139M,0,AZ628
STG143,1,AZ628
STG195,1,AZ628
STG201,1,AZ628
STG282,0,AZ628
STG316,0,AZ628
STG335,0,AZ628
VHIO098,1,AZ628
VHIO169,1,AZ628
VHIO179,1,AZ628
VHIO244,0,AZ628
HCI001,0,AZD6482
HCI002,1,AZD6482
HCI005,1,AZD6482
HCI008,0,AZD6482
HCI009,1,AZD6482
HCI010,1,AZD6482
HCI011,1,AZD6482
IC007,1,AZD6482
STG139,0,AZD6482
STG139M,1,AZD6482
STG143,0,AZD6482
STG195,0,AZD6482
STG201,1,AZD6482
STG282,0,AZD6482
STG316,0,AZD6482
STG335,1,AZD6482
VHIO098,1,AZD6482
VHIO169,0,AZD6482
VHIO179,0,AZD6482
VHIO244,0,AZD6482
HCI001,0,AZD7762
HCI002,1,AZD7762
HCI009,1,AZD7762
HCI010,0,AZD7762
STG139,0,AZD7762
STG139M,0,AZD7762
STG143,1,AZD7762
STG195,1,AZD7762
STG201,0,AZD7762
STG282,0,AZD7762
STG316,0,AZD7762
STG335,1,AZD7762
VHIO169,1,AZD7762
VHIO179,0,AZD7762
VHIO244,1,AZD7762
HCI001,1,AZD8055
HCI002,1,AZD8055
HCI005,0,AZD8055
HCI008,1,AZD8055
HCI009,0,AZD8055
HCI010,1,AZD8055
HCI011,0,AZD8055
IC007,0,AZD8055
STG139,1,AZD8055
STG139M,1,AZD8055
STG143,1,AZD8055
STG195,0,AZD8055
STG201,1,AZD8055
STG282,0,AZD8055
STG316,1,AZD8055
STG335,0,AZD8055
VHIO098,0,AZD8055
VHIO169,0,AZD8055
VHIO179,1,AZD8055
VHIO244,0,AZD8055
HCI001,1,BI-2536
HCI002,0,BI-2536
HCI009,1,BI-2536
HCI010,0,BI-2536
STG139,0,BI-2536
STG139M,0,BI-2536
STG143,1,BI-2536
STG195,0,BI-2536
STG201,0,BI-2536
STG282,0,BI-2536
STG316,0,BI-2536
STG335,1,BI-2536
VHIO169,1,BI-2536
VHIO179,1,BI-2536
VHIO244,1,BI-2536
HCI001,1,BMS-536924
HCI002,1,BMS-536924
HCI005,1,BMS-536924
HCI008,1,BMS-536924
HCI009,1,BMS-536924
HCI010,1,BMS-536924
HCI011,0,BMS-536924
IC007,1,BMS-536924
STG139,0,BMS-536924
STG139M,0,BMS-536924
STG143,0,BMS-536924
STG195,0,BMS-536924
STG201,1,BMS-536924
STG282,0,BMS-536924
STG316,0,BMS-536924
STG335,0,BMS-536924
VHIO098,1,BMS-536924
VHIO169,1,BMS-536924
VHIO179,0,BMS-536924
VHIO244,0,BMS-536924
HCI001,1,BMS-754807
HCI002,0,BMS-754807
HCI005,1,BMS-754807
HCI008,1,BMS-754807
HCI009,1,BMS-754807
HCI010,0,BMS-754807
HCI011,1,BMS-754807
IC007,1,BMS-754807
STG139,0,BMS-754807
STG139M,0,BMS-754807
STG143,0,BMS-754807
STG195,0,BMS-754807
STG201,1,BMS-754807
STG282,1,BMS-754807
STG316,1,BMS-754807
STG335,0,BMS-754807
VHIO098,1,BMS-754807
VHIO169,0,BMS-754807
VHIO179,0,BMS-754807
VHIO244,0,BMS-754807
HCI001,1,Bosutinib
HCI002,1,Bosutinib
HCI005,1,Bosutinib
HCI008,1,Bosutinib
HCI009,1,Bosutinib
HCI010,0,Bosutinib
HCI011,0,Bosutinib
IC007,1,Bosutinib
STG139,1,Bosutinib
STG139M,1,Bosutinib
STG143,0,Bosutinib
STG195,0,Bosutinib
STG201,1,Bosutinib
STG282,0,Bosutinib
STG316,0,Bosutinib
STG335,0,Bosutinib
VHIO098,0,Bosutinib
VHIO169,0,Bosutinib
VHIO179,0,Bosutinib
VHIO244,1,Bosutinib
HCI001,1,BX-795
HCI002,0,BX-795
HCI005,1,BX-795
HCI008,1,BX-795
HCI009,1,BX-795
HCI010,0,BX-795
HCI011,0,BX-795
IC007,1,BX-795
STG139,0,BX-795
STG139M,0,BX-795
STG143,1,BX-795
STG195,1,BX-795
STG201,0,BX-795
STG282,0,BX-795
STG316,1,BX-795
STG335,0,BX-795
VHIO098,0,BX-795
VHIO169,0,BX-795
VHIO179,1,BX-795
VHIO244,1,BX-795
HCI001,1,Camptothecin
HCI002,0,Camptothecin
HCI005,1,Camptothecin
HCI008,0,Camptothecin
HCI009,1,Camptothecin
HCI010,0,Camptothecin
HCI011,0,Camptothecin
IC007,1,Camptothecin
STG139,0,Camptothecin
STG139M,0,Camptothecin
STG143,1,Camptothecin
STG195,0,Camptothecin
STG201,0,Camptothecin
STG282,0,Camptothecin
STG316,1,Camptothecin
STG335,1,Camptothecin
VHIO098,0,Camptothecin
VHIO169,1,Camptothecin
VHIO179,1,Camptothecin
VHIO244,1,Camptothecin
HCI001,1,CHIR-99021
HCI002,0,CHIR-99021
HCI005,0,CHIR-99021
HCI008,0,CHIR-99021
HCI009,1,CHIR-99021
HCI010,0,CHIR-99021
HCI011,1,CHIR-99021
IC007,1,CHIR-99021
STG139,0,CHIR-99021
STG139M,0,CHIR-99021
STG143,1,CHIR-99021
STG195,1,CHIR-99021
STG201,1,CHIR-99021
STG282,0,CHIR-99021
STG316,0,CHIR-99021
STG335,0,CHIR-99021
VHIO098,1,CHIR-99021
VHIO169,1,CHIR-99021
VHIO179,1,CHIR-99021
VHIO244,0,CHIR-99021
HCI001,0,FK866
HCI002,0,FK866
HCI009,0,FK866
HCI010,1,FK866
STG139,0,FK866
STG139M,0,FK866
STG143,0,FK866
STG195,1,FK866
STG201,0,FK866
STG282,1,FK866
STG316,1,FK866
STG335,1,FK866
VHIO169,0,FK866
VHIO179,1,FK866
VHIO244,1,FK866
HCI001,1,Embelin
HCI002,0,Embelin
HCI009,1,Embelin
HCI010,0,Embelin
STG139,0,Embelin
STG139M,0,Embelin
STG143,0,Embelin
STG195,1,Embelin
STG201,1,Embelin
STG282,0,Embelin
STG316,0,Embelin
STG335,1,Embelin
VHIO169,1,Embelin
VHIO179,0,Embelin
VHIO244,1,Embelin
HCI001,0,LY317615
HCI002,0,LY317615
HCI009,1,LY317615
HCI010,1,LY317615
STG139,0,LY317615
STG139M,1,LY317615
STG143,1,LY317615
STG195,0,LY317615
STG201,1,LY317615
STG282,0,LY317615
STG316,1,LY317615
STG335,0,LY317615
VHIO169,0,LY317615
VHIO179,1,LY317615
VHIO244,0,LY317615
HCI001,0,Gefitinib
HCI002,1,Gefitinib
HCI005,1,Gefitinib
HCI008,0,Gefitinib
HCI009,0,Gefitinib
HCI010,1,Gefitinib
HCI011,1,Gefitinib
IC007,1,Gefitinib
STG139,0,Gefitinib
STG139M,1,Gefitinib
STG143,1,Gefitinib
STG195,0,Gefitinib
STG201,1,Gefitinib
STG282,0,Gefitinib
STG316,0,Gefitinib
STG335,0,Gefitinib
VHIO098,0,Gefitinib
VHIO169,0,Gefitinib
VHIO179,1,Gefitinib
VHIO244,1,Gefitinib
HCI001,0,GSK1904529A
HCI002,0,GSK1904529A
HCI009,1,GSK1904529A
HCI010,0,GSK1904529A
STG139,0,GSK1904529A
STG139M,0,GSK1904529A
STG143,1,GSK1904529A
STG195,0,GSK1904529A
STG201,0,GSK1904529A
STG282,0,GSK1904529A
STG316,1,GSK1904529A
STG335,1,GSK1904529A
VHIO169,1,GSK1904529A
VHIO179,1,GSK1904529A
VHIO244,1,GSK1904529A
HCI001,1,GSK269962A
HCI002,0,GSK269962A
HCI005,1,GSK269962A
HCI008,1,GSK269962A
HCI009,0,GSK269962A
HCI010,0,GSK269962A
HCI011,1,GSK269962A
IC007,1,GSK269962A
STG139,0,GSK269962A
STG139M,1,GSK269962A
STG143,1,GSK269962A
STG195,0,GSK269962A
STG201,0,GSK269962A
STG282,0,GSK269962A
STG316,1,GSK269962A
STG335,0,GSK269962A
VHIO098,1,GSK269962A
VHIO169,0,GSK269962A
VHIO179,1,GSK269962A
VHIO244,0,GSK269962A
HCI001,1,GW 441756
HCI002,1,GW 441756
HCI005,0,GW 441756
HCI008,0,GW 441756
HCI009,0,GW 441756
HCI010,0,GW 441756
HCI011,1,GW 441756
IC007,1,GW 441756
STG139,0,GW 441756
STG139M,0,GW 441756
STG143,0,GW 441756
STG195,1,GW 441756
STG201,1,GW 441756
STG282,0,GW 441756
STG316,1,GW 441756
STG335,1,GW 441756
VHIO098,1,GW 441756
VHIO169,0,GW 441756
VHIO179,1,GW 441756
VHIO244,0,GW 441756
HCI001,1,JNK Inhibitor VIII
HCI002,1,JNK Inhibitor VIII
HCI005,0,JNK Inhibitor VIII
HCI008,0,JNK Inhibitor VIII
HCI009,0,JNK Inhibitor VIII
HCI010,0,JNK Inhibitor VIII
HCI011,0,JNK Inhibitor VIII
IC007,1,JNK Inhibitor VIII
STG139,0,JNK Inhibitor VIII
STG139M,1,JNK Inhibitor VIII
STG143,1,JNK Inhibitor VIII
STG195,1,JNK Inhibitor VIII
STG201,0,JNK Inhibitor VIII
STG282,0,JNK Inhibitor VIII
STG316,0,JNK Inhibitor VIII
STG335,1,JNK Inhibitor VIII
VHIO098,1,JNK Inhibitor VIII
VHIO169,0,JNK Inhibitor VIII
VHIO179,1,JNK Inhibitor VIII
VHIO244,1,JNK Inhibitor VIII
HCI001,1,JQ1
HCI002,0,JQ1
HCI005,0,JQ1
HCI008,0,JQ1
HCI009,1,JQ1
HCI010,0,JQ1
HCI011,1,JQ1
IC007,1,JQ1
STG139,1,JQ1
STG139M,1,JQ1
STG143,1,JQ1
STG195,0,JQ1
STG201,1,JQ1
STG282,0,JQ1
STG316,0,JQ1
STG335,0,JQ1
VHIO098,1,JQ1
VHIO169,0,JQ1
VHIO179,1,JQ1
VHIO244,0,JQ1
HCI001,0,KU-55933
HCI002,1,KU-55933
HCI005,0,KU-55933
HCI008,1,KU-55933
HCI009,1,KU-55933
HCI010,0,KU-55933
HCI011,1,KU-55933
IC007,1,KU-55933
STG139,0,KU-55933
STG139M,0,KU-55933
STG143,1,KU-55933
STG195,0,KU-55933
STG201,1,KU-55933
STG282,0,KU-55933
STG316,0,KU-55933
STG335,0,KU-55933
VHIO098,1,KU-55933
VHIO169,0,KU-55933
VHIO179,1,KU-55933
VHIO244,1,KU-55933
HCI001,1,CEP-701
HCI002,1,CEP-701
HCI005,1,CEP-701
HCI008,0,CEP-701
HCI009,1,CEP-701
HCI010,0,CEP-701
HCI011,0,CEP-701
IC007,1,CEP-701
STG139,1,CEP-701
STG139M,1,CEP-701
STG143,1,CEP-701
STG195,0,CEP-701
STG201,1,CEP-701
STG282,0,CEP-701
STG316,0,CEP-701
STG335,0,CEP-701
VHIO098,0,CEP-701
VHIO169,0,CEP-701
VHIO179,1,CEP-701
VHIO244,0,CEP-701
HCI001,0,MK-2206
HCI002,1,MK-2206
HCI005,1,MK-2206
HCI008,0,MK-2206
HCI009,0,MK-2206
HCI010,1,MK-2206
HCI011,0,MK-2206
IC007,1,MK-2206
STG139,0,MK-2206
STG139M,1,MK-2206
STG143,0,MK-2206
STG195,0,MK-2206
STG201,1,MK-2206
STG282,1,MK-2206
STG316,1,MK-2206
STG335,0,MK-2206
VHIO098,0,MK-2206
VHIO169,1,MK-2206
VHIO179,1,MK-2206
VHIO244,0,MK-2206
HCI001,0,AMG-706
HCI002,0,AMG-706
HCI005,1,AMG-706
HCI008,1,AMG-706
HCI009,0,AMG-706
HCI010,1,AMG-706
HCI011,0,AMG-706
IC007,1,AMG-706
STG139,0,AMG-706
STG139M,0,AMG-706
STG143,1,AMG-706
STG195,1,AMG-706
STG201,0,AMG-706
STG282,0,AMG-706
STG316,0,AMG-706
STG335,1,AMG-706
VHIO098,0,AMG-706
VHIO169,1,AMG-706
VHIO179,1,AMG-706
VHIO244,1,AMG-706
HCI001,1,Nilotinib
HCI002,0,Nilotinib
HCI005,0,Nilotinib
HCI008,0,Nilotinib
HCI009,1,Nilotinib
HCI010,1,Nilotinib
HCI011,0,Nilotinib
IC007,1,Nilotinib
STG139,0,Nilotinib
STG139M,0,Nilotinib
STG143,1,Nilotinib
STG195,0,Nilotinib
STG201,1,Nilotinib
STG282,0,Nilotinib
STG316,1,Nilotinib
STG335,0,Nilotinib
VHIO098,0,Nilotinib
VHIO169,1,Nilotinib
VHIO179,1,Nilotinib
VHIO244,1,Nilotinib
HCI001,0,NU-7441
HCI002,1,NU-7441
HCI005,0,NU-7441
HCI008,1,NU-7441
HCI009,1,NU-7441
HCI010,0,NU-7441
HCI011,1,NU-7441
IC007,1,NU-7441
STG139,0,NU-7441
STG139M,0,NU-7441
STG143,0,NU-7441
STG195,1,NU-7441
STG201,1,NU-7441
STG282,0,NU-7441
STG316,0,NU-7441
STG335,1,NU-7441
VHIO098,1,NU-7441
VHIO169,1,NU-7441
VHIO179,0,NU-7441
VHIO244,0,NU-7441
HCI001,1,Obatoclax Mesylate
HCI002,0,Obatoclax Mesylate
HCI005,0,Obatoclax Mesylate
HCI008,0,Obatoclax Mesylate
HCI009,1,Obatoclax Mesylate
HCI010,0,Obatoclax Mesylate
HCI011,0,Obatoclax Mesylate
IC007,0,Obatoclax Mesylate
STG139,0,Obatoclax Mesylate
STG139M,0,Obatoclax Mesylate
STG143,1,Obatoclax Mesylate
STG195,1,Obatoclax Mesylate
STG201,1,Obatoclax Mesylate
STG282,1,Obatoclax Mesylate
STG316,1,Obatoclax Mesylate
STG335,0,Obatoclax Mesylate
VHIO098,0,Obatoclax Mesylate
VHIO169,1,Obatoclax Mesylate
VHIO179,1,Obatoclax Mesylate
VHIO244,1,Obatoclax Mesylate
HCI001,0,PAC-1
HCI002,1,PAC-1
HCI009,0,PAC-1
HCI010,0,PAC-1
STG139,1,PAC-1
STG139M,1,PAC-1
STG143,0,PAC-1
STG195,0,PAC-1
STG201,1,PAC-1
STG282,0,PAC-1
STG316,0,PAC-1
STG335,0,PAC-1
VHIO169,1,PAC-1
VHIO179,1,PAC-1
VHIO244,1,PAC-1
HCI001,0,PD-0332991
HCI002,0,PD-0332991
HCI005,0,PD-0332991
HCI008,1,PD-0332991
HCI009,1,PD-0332991
HCI010,0,PD-0332991
HCI011,0,PD-0332991
IC007,0,PD-0332991
STG139,1,PD-0332991
STG139M,1,PD-0332991
STG143,0,PD-0332991
STG195,1,PD-0332991
STG201,1,PD-0332991
STG282,0,PD-0332991
STG316,1,PD-0332991
STG335,0,PD-0332991
VHIO098,1,PD-0332991
VHIO169,1,PD-0332991
VHIO179,1,PD-0332991
VHIO244,0,PD-0332991
HCI001,0,PD-0325901
HCI002,1,PD-0325901
HCI005,1,PD-0325901
HCI008,0,PD-0325901
HCI009,1,PD-0325901
HCI010,1,PD-0325901
HCI011,1,PD-0325901
IC007,1,PD-0325901
STG139,0,PD-0325901
STG139M,0,PD-0325901
STG143,1,PD-0325901
STG195,0,PD-0325901
STG201,1,PD-0325901
STG282,1,PD-0325901
STG316,0,PD-0325901
STG335,0,PD-0325901
VHIO098,0,PD-0325901
VHIO169,0,PD-0325901
VHIO179,1,PD-0325901
VHIO244,0,PD-0325901
HCI001,1,PD-173074
HCI002,0,PD-173074
HCI005,1,PD-173074
HCI008,1,PD-173074
HCI009,0,PD-173074
HCI010,1,PD-173074
HCI011,0,PD-173074
IC007,1,PD-173074
STG139,0,PD-173074
STG139M,1,PD-173074
STG143,0,PD-173074
STG195,0,PD-173074
STG201,1,PD-173074
STG282,0,PD-173074
STG316,0,PD-173074
STG335,0,PD-173074
VHIO098,1,PD-173074
VHIO169,1,PD-173074
VHIO179,1,PD-173074
VHIO244,0,PD-173074
HCI001,0,PF-4708671
HCI002,0,PF-4708671
HCI005,1,PF-4708671
HCI008,1,PF-4708671
HCI009,1,PF-4708671
HCI010,0,PF-4708671
HCI011,1,PF-4708671
IC007,1,PF-4708671
STG139,1,PF-4708671
STG139M,1,PF-4708671
STG143,1,PF-4708671
STG195,0,PF-4708671
STG201,0,PF-4708671
STG282,0,PF-4708671
STG316,1,PF-4708671
STG335,0,PF-4708671
VHIO098,0,PF-4708671
VHIO169,0,PF-4708671
VHIO179,1,PF-4708671
VHIO244,0,PF-4708671
HCI001,0,PF-562271
HCI002,1,PF-562271
HCI009,1,PF-562271
HCI010,0,PF-562271
STG139,0,PF-562271
STG139M,1,PF-562271
STG143,1,PF-562271
STG195,0,PF-562271
STG201,1,PF-562271
STG282,0,PF-562271
STG316,0,PF-562271
STG335,0,PF-562271
VHIO169,1,PF-562271
VHIO179,0,PF-562271
VHIO244,1,PF-562271
HCI001,1,GDC0941
HCI002,1,GDC0941
HCI005,1,GDC0941
HCI008,0,GDC0941
HCI009,0,GDC0941
HCI010,1,GDC0941
HCI011,1,GDC0941
IC007,1,GDC0941
STG139,0,GDC0941
STG139M,1,GDC0941
STG143,0,GDC0941
STG195,1,GDC0941
STG201,1,GDC0941
STG282,1,GDC0941
STG316,0,GDC0941
STG335,0,GDC0941
VHIO098,0,GDC0941
VHIO169,0,GDC0941
VHIO179,0,GDC0941
VHIO244,0,GDC0941
HCI001,0,PLX4720
HCI002,0,PLX4720
HCI005,1,PLX4720
HCI008,1,PLX4720
HCI009,0,PLX4720
HCI010,0,PLX4720
HCI011,0,PLX4720
IC007,1,PLX4720
STG139,1,PLX4720
STG139M,1,PLX4720
STG143,1,PLX4720
STG195,0,PLX4720
STG201,1,PLX4720
STG282,1,PLX4720
STG316,1,PLX4720
STG335,0,PLX4720
VHIO098,0,PLX4720
VHIO169,0,PLX4720
VHIO179,1,PLX4720
VHIO244,0,PLX4720
HCI001,0,RO-3306
HCI002,1,RO-3306
HCI005,0,RO-3306
HCI008,1,RO-3306
HCI009,0,RO-3306
HCI010,0,RO-3306
HCI011,1,RO-3306
IC007,1,RO-3306
STG139,1,RO-3306
STG139M,1,RO-3306
STG143,1,RO-3306
STG195,0,RO-3306
STG201,1,RO-3306
STG282,0,RO-3306
STG316,0,RO-3306
STG335,0,RO-3306
VHIO098,0,RO-3306
VHIO169,1,RO-3306
VHIO179,1,RO-3306
VHIO244,0,RO-3306
HCI001,0,AG-014699
HCI002,0,AG-014699
HCI009,1,AG-014699
HCI010,0,AG-014699
STG139,1,AG-014699
STG139M,1,AG-014699
STG143,0,AG-014699
STG195,0,AG-014699
STG201,1,AG-014699
STG282,0,AG-014699
STG316,1,AG-014699
STG335,0,AG-014699
VHIO169,0,AG-014699
VHIO179,1,AG-014699
VHIO244,1,AG-014699
HCI001,1,SB 216763
HCI002,1,SB 216763
HCI005,1,SB 216763
HCI008,1,SB 216763
HCI009,0,SB 216763
HCI010,0,SB 216763
HCI011,0,SB 216763
IC007,1,SB 216763
STG139,0,SB 216763
STG139M,1,SB 216763
STG143,1,SB 216763
STG195,0,SB 216763
STG201,1,SB 216763
STG282,0,SB 216763
STG316,0,SB 216763
STG335,0,SB 216763
VHIO098,0,SB 216763
VHIO169,1,SB 216763
VHIO179,1,SB 216763
VHIO244,0,SB 216763
HCI001,0,JNJ-26854165
HCI002,0,JNJ-26854165
HCI009,1,JNJ-26854165
HCI010,0,JNJ-26854165
STG139,1,JNJ-26854165
STG139M,1,JNJ-26854165
STG143,1,JNJ-26854165
STG195,0,JNJ-26854165
STG201,1,JNJ-26854165
STG282,0,JNJ-26854165
STG316,1,JNJ-26854165
STG335,0,JNJ-26854165
VHIO169,0,JNJ-26854165
VHIO179,1,JNJ-26854165
VHIO244,0,JNJ-26854165
HCI001,1,SL 0101-1
HCI002,1,SL 0101-1
HCI005,0,SL 0101-1
HCI008,0,SL 0101-1
HCI009,1,SL 0101-1
HCI010,1,SL 0101-1
HCI011,0,SL 0101-1
IC007,0,SL 0101-1
STG139,1,SL 0101-1
STG139M,1,SL 0101-1
STG143,0,SL 0101-1
STG195,0,SL 0101-1
STG201,1,SL 0101-1
STG282,1,SL 0101-1
STG316,1,SL 0101-1
STG335,0,SL 0101-1
VHIO098,0,SL 0101-1
VHIO169,0,SL 0101-1
VHIO179,1,SL 0101-1
VHIO244,0,SL 0101-1
HCI001,0,Sorafenib
HCI002,1,Sorafenib
HCI009,1,Sorafenib
HCI010,1,Sorafenib
STG139,1,Sorafenib
STG139M,1,Sorafenib
STG143,0,Sorafenib
STG195,0,Sorafenib
STG201,1,Sorafenib
STG282,0,Sorafenib
STG316,0,Sorafenib
STG335,0,Sorafenib
VHIO169,0,Sorafenib
VHIO179,1,Sorafenib
VHIO244,0,Sorafenib
HCI001,0,Tamoxifen
HCI002,0,Tamoxifen
HCI005,1,Tamoxifen
HCI008,0,Tamoxifen
HCI009,1,Tamoxifen
HCI010,0,Tamoxifen
HCI011,1,Tamoxifen
IC007,1,Tamoxifen
STG139,1,Tamoxifen
STG139M,1,Tamoxifen
STG143,1,Tamoxifen
STG195,0,Tamoxifen
STG201,1,Tamoxifen
STG282,0,Tamoxifen
STG316,0,Tamoxifen
STG335,0,Tamoxifen
VHIO098,0,Tamoxifen
VHIO169,1,Tamoxifen
VHIO179,1,Tamoxifen
VHIO244,0,Tamoxifen
HCI001,0,TW 37
HCI002,0,TW 37
HCI009,0,TW 37
HCI010,0,TW 37
STG139,0,TW 37
STG139M,0,TW 37
STG143,1,TW 37
STG195,1,TW 37
STG201,1,TW 37
STG282,0,TW 37
STG316,0,TW 37
STG335,1,TW 37
VHIO169,1,TW 37
VHIO179,1,TW 37
VHIO244,1,TW 37
HCI001,1,Vorinostat
HCI002,0,Vorinostat
HCI005,0,Vorinostat
HCI008,1,Vorinostat
HCI009,1,Vorinostat
HCI010,0,Vorinostat
HCI011,0,Vorinostat
IC007,1,Vorinostat
STG139,0,Vorinostat
STG139M,0,Vorinostat
STG143,1,Vorinostat
STG195,1,Vorinostat
STG201,1,Vorinostat
STG282,0,Vorinostat
STG316,1,Vorinostat
STG335,0,Vorinostat
VHIO098,0,Vorinostat
VHIO169,1,Vorinostat
VHIO179,1,Vorinostat
VHIO244,0,Vorinostat
HCI001,0,681640
HCI002,1,681640
HCI005,0,681640
HCI008,0,681640
HCI009,1,681640
HCI010,0,681640
HCI011,1,681640
IC007,1,681640
STG139,1,681640
STG139M,1,681640
STG143,1,681640
STG195,0,681640
STG201,1,681640
STG282,0,681640
STG316,1,681640
STG335,0,681640
VHIO098,0,681640
VHIO169,0,681640
VHIO179,0,681640
VHIO244,1,681640
HCI001,1,YK 4-279
HCI002,0,YK 4-279
HCI009,1,YK 4-279
HCI010,0,YK 4-279
STG139,0,YK 4-279
STG139M,1,YK 4-279
STG143,1,YK 4-279
STG195,0,YK 4-279
STG201,1,YK 4-279
STG282,0,YK 4-279
STG316,0,YK 4-279
STG335,0,YK 4-279
VHIO169,1,YK 4-279
VHIO179,1,YK 4-279
VHIO244,0,YK 4-279
