Cell,Label,Drug
TCGA-CG-5724,0,Cisplatin
TCGA-90-A59Q,1,Cisplatin
TCGA-55-7910,1,Cisplatin
TCGA-BA-5149,1,Cisplatin
TCGA-BA-6873,0,Cisplatin
TCGA-BA-A4IF,1,Cisplatin
TCGA-BA-A6D8,1,Cisplatin
TCGA-BA-A6DD,0,Cisplatin
TCGA-BA-A6DI,0,Cisplatin
TCGA-BA-A6DJ,0,Cisplatin
TCGA-BB-A5HY,0,Cisplatin
TCGA-CN-4726,0,Cisplatin
TCGA-CN-4736,0,Cisplatin
TCGA-CN-5374,1,Cisplatin
TCGA-CN-6010,1,Cisplatin
TCGA-CN-6013,1,Cisplatin
TCGA-CN-6998,0,Cisplatin
TCGA-CQ-7065,0,Cisplatin
TCGA-CQ-A4CH,0,Cisplatin
TCGA-H7-A6C4,0,Cisplatin
TCGA-IQ-A61G,0,Cisplatin
TCGA-P3-A6T3,0,Cisplatin
TCGA-UF-A7JC,0,Cisplatin
TCGA-UF-A7JK,1,Cisplatin
TCGA-UF-A7JT,1,Cisplatin
TCGA-3B-A9HT,1,Cisplatin
TCGA-C5-A0TN,0,Cisplatin
TCGA-C5-A1BF,0,Cisplatin
TCGA-DS-A0VM,1,Cisplatin
TCGA-DS-A7WF,1,Cisplatin
TCGA-DS-A7WI,0,Cisplatin
TCGA-HM-A3JJ,1,Cisplatin
TCGA-VS-A9U6,1,Cisplatin
TCGA-VS-A9UP,1,Cisplatin
TCGA-VS-A9UR,1,Cisplatin
TCGA-VS-A9UY,1,Cisplatin
TCGA-VS-A9V0,1,Cisplatin
TCGA-VS-A9V1,0,Cisplatin
TCGA-VS-A9V3,1,Cisplatin
TCGA-VS-A9V4,0,Cisplatin
TCGA-HU-8243,0,5-fluorouracil
TCGA-RD-A7BS,0,5-fluorouracil
TCGA-RD-A8MW,0,5-fluorouracil
TCGA-VQ-A8DT,1,5-fluorouracil
TCGA-VQ-A8DU,0,5-fluorouracil
TCGA-VQ-A8PD,0,5-fluorouracil
TCGA-VQ-A8PP,1,5-fluorouracil
TCGA-VQ-A91D,0,5-fluorouracil
TCGA-VQ-A91N,1,5-fluorouracil
TCGA-VQ-A91Q,1,5-fluorouracil
TCGA-VQ-A91Y,0,5-fluorouracil
TCGA-VQ-A922,0,5-fluorouracil
TCGA-VQ-A928,0,5-fluorouracil
TCGA-VQ-A94O,0,5-fluorouracil
TCGA-VQ-A94R,1,5-fluorouracil
TCGA-VQ-AA6F,1,5-fluorouracil
TCGA-VQ-AA6G,1,5-fluorouracil
TCGA-VQ-AA6K,0,5-fluorouracil
TCGA-JY-A93D,1,5-fluorouracil
TCGA-D5-5539,1,5-fluorouracil
TCGA-D5-6536,1,5-fluorouracil
TCGA-22-4591,1,Gemcitabine
TCGA-60-2707,1,Gemcitabine
TCGA-DD-A3A4,0,Gemcitabine
TCGA-FV-A3I0,0,Gemcitabine
TCGA-49-4501,1,Gemcitabine
TCGA-CJ-4918,0,Gemcitabine
TCGA-J4-A83N,1,Gemcitabine
TCGA-2J-AAB9,1,Gemcitabine
TCGA-2J-AABF,1,Gemcitabine
TCGA-2J-AABH,1,Gemcitabine
TCGA-2J-AABI,1,Gemcitabine
TCGA-2J-AABO,1,Gemcitabine
TCGA-2J-AABR,1,Gemcitabine
TCGA-2J-AABU,0,Gemcitabine
TCGA-2J-AABV,0,Gemcitabine
TCGA-3A-A9IU,1,Gemcitabine
TCGA-3A-A9IZ,0,Gemcitabine
TCGA-3E-AAAY,1,Gemcitabine
TCGA-F2-6879,0,Gemcitabine
TCGA-FB-AAQ6,0,Gemcitabine
TCGA-HV-A5A6,1,Gemcitabine
TCGA-HV-AA8X,1,Gemcitabine
TCGA-HZ-7924,1,Gemcitabine
TCGA-HZ-A77O,0,Gemcitabine
TCGA-IB-7644,1,Gemcitabine
TCGA-IB-7647,1,Gemcitabine
TCGA-IB-7889,1,Gemcitabine
TCGA-IB-8126,0,Gemcitabine
TCGA-IB-8127,1,Gemcitabine
TCGA-IB-A5SO,0,Gemcitabine
TCGA-IB-A5SP,0,Gemcitabine
TCGA-IB-A5SS,0,Gemcitabine
TCGA-IB-AAUO,0,Gemcitabine
TCGA-IB-AAUW,0,Gemcitabine
TCGA-RB-AA9M,0,Gemcitabine
TCGA-US-A774,1,Gemcitabine
TCGA-XD-AAUH,0,Gemcitabine
TCGA-DX-A8BH,0,Gemcitabine
TCGA-X6-A7WC,0,Gemcitabine
TCGA-4G-AAZO,1,Gemcitabine
TCGA-W5-AA2T,0,Gemcitabine
TCGA-ZH-A8Y4,0,Gemcitabine
TCGA-DK-A1AF,0,Gemcitabine
TCGA-DK-A6B2,0,Gemcitabine
TCGA-DK-AA6W,1,Gemcitabine
TCGA-GV-A3QI,1,Gemcitabine
TCGA-2Y-A9GV,1,Sorafenib
TCGA-2Y-A9GZ,1,Sorafenib
TCGA-2Y-A9H9,0,Sorafenib
TCGA-BC-A8YO,0,Sorafenib
TCGA-BW-A5NP,0,Sorafenib
TCGA-CC-A8HV,0,Sorafenib
TCGA-DD-A1EG,1,Sorafenib
TCGA-DD-A1EJ,0,Sorafenib
TCGA-DD-A1EK,0,Sorafenib
TCGA-DD-A4NE,0,Sorafenib
TCGA-DD-A4NH,0,Sorafenib
TCGA-DD-A4NQ,0,Sorafenib
TCGA-EP-A2KA,1,Sorafenib
TCGA-G3-A3CG,1,Sorafenib
TCGA-G3-A3CH,0,Sorafenib
TCGA-G3-A3CJ,1,Sorafenib
TCGA-G3-A5SI,1,Sorafenib
TCGA-WX-AA44,0,Sorafenib
TCGA-WX-AA47,0,Sorafenib
TCGA-BQ-5878,1,Sorafenib
TCGA-BP-5178,1,Sorafenib
TCGA-CJ-4875,1,Sorafenib
TCGA-CJ-4904,1,Sorafenib
TCGA-CW-6097,1,Sorafenib
TCGA-KN-8428,1,Sorafenib
TCGA-PK-A5HB,0,Sorafenib
TCGA-37-A5EL,1,Temozolomide
TCGA-CS-6188,1,Temozolomide
TCGA-DB-A4XF,1,Temozolomide
TCGA-DB-A64O,1,Temozolomide
TCGA-DH-A7UT,0,Temozolomide
TCGA-DU-5852,0,Temozolomide
TCGA-DU-6397,1,Temozolomide
TCGA-DU-6402,0,Temozolomide
TCGA-DU-7009,1,Temozolomide
TCGA-DU-7013,0,Temozolomide
TCGA-DU-A5TR,1,Temozolomide
TCGA-DU-A5TS,1,Temozolomide
TCGA-DU-A5TT,1,Temozolomide
TCGA-DU-A5TU,0,Temozolomide
TCGA-DU-A6S8,1,Temozolomide
TCGA-DU-A76K,0,Temozolomide
TCGA-DU-A76R,0,Temozolomide
TCGA-FG-5965,1,Temozolomide
TCGA-FG-6689,0,Temozolomide
TCGA-FG-6691,1,Temozolomide
TCGA-FG-A70Y,1,Temozolomide
TCGA-HT-7482,0,Temozolomide
TCGA-HT-A61C,1,Temozolomide
TCGA-HW-7491,1,Temozolomide
TCGA-KT-A7W1,0,Temozolomide
TCGA-QH-A870,0,Temozolomide
TCGA-S9-A6TW,1,Temozolomide
TCGA-S9-A6TX,1,Temozolomide
TCGA-S9-A7QW,0,Temozolomide
TCGA-S9-A7R1,1,Temozolomide
TCGA-TM-A7C3,1,Temozolomide
TCGA-TM-A84L,1,Temozolomide
TCGA-VM-A8C8,1,Temozolomide
TCGA-FR-A2OS,0,Temozolomide
TCGA-FS-A4F9,0,Temozolomide
TCGA-GN-A267,1,Temozolomide
TCGA-06-0130,0,Temozolomide
TCGA-06-2562,0,Temozolomide
TCGA-06-5412,0,Temozolomide
TCGA-06-5414,0,Temozolomide
TCGA-15-0742,0,Temozolomide
TCGA-28-5220,0,Temozolomide
TCGA-32-1970,1,Temozolomide
TCGA-32-5222,0,Temozolomide
TCGA-41-2571,0,Temozolomide
TCGA-76-4926,0,Temozolomide
