,AUC,drug_name
HCI001,1,Obatoclax Mesylate
HCI002,0,Obatoclax Mesylate
HCI005,0,Obatoclax Mesylate
HCI008,0,Obatoclax Mesylate
HCI009,1,Obatoclax Mesylate
HCI010,0,Obatoclax Mesylate
HCI011,0,Obatoclax Mesylate
IC007,0,Obatoclax Mesylate
STG139,0,Obatoclax Mesylate
STG139M,0,Obatoclax Mesylate
STG143,1,Obatoclax Mesylate
STG195,1,Obatoclax Mesylate
STG201,1,Obatoclax Mesylate
STG282,1,Obatoclax Mesylate
STG316,1,Obatoclax Mesylate
STG335,0,Obatoclax Mesylate
VHIO098,0,Obatoclax Mesylate
VHIO169,1,Obatoclax Mesylate
VHIO179,1,Obatoclax Mesylate
VHIO244,1,Obatoclax Mesylate
