drug_name,cid
(5Z)-7-Oxozeaenol,9863776.0
17-AAG,6505803.0
5-Fluorouracil,3385.0
A-443654,10172943.0
A-770041,9549184.0
ABT-263,24978538.0
ABT-869,11485656.0
ABT-888,11960529.0
AC220,24889392.0
AG-014699,9931953.0
AICAR,65110.0
AMG-706,11667893.0
AP-24534,24826799.0
AR-42,6918848.0
AS601245,10109823.0
AS605240,5289247.0
AT-7519,11338033.0
ATRA,444795.0
AV-951,9911830.0
AZ628,11676786.0
AZD-0530,10302451.0
AZD6244,10127622.0
AZD6482,44137675.0
AZD7762,11152667.0
AZD8055,25262965.0
Afatinib,10184653.0
Afatinib (rescreen),10184653.1
Axitinib,6450551.0
BAY 61-3606,10200390.0
BI-2536,11364421.0
BIRB 0796,156422.0
BMS-345541,9813758.0
BMS-509744,20635522.0
BMS-708163,46883536.0
BMS-754807,24785538.0
BX-795,10077147.0
BX-912,11754511.0
Bexarotene,82146.0
Bicalutamide,2375.0
Bosutinib,5328940.0
Bryostatin 1,5280757.0
CAL-101,11625818.0
CAY10603,24951314.0
CCT007093,2314623.0
CEP-701,126565.0
CGP-082996,24825971.0
CGP-60474,644215.0
CH5424802,49806720.0
CHIR-99021,9956119.0
CI-1040,6918454.0
CMK,16663089.0
CP466722,44551660.0
CP724714,9874913.0
CUDC-101,24756910.0
CX-5461,25257557.0
Camptothecin,24360.0
Cetuximab,85668777.0
Crizotinib,11626560.0
Cyclopamine,442972.0
Cytarabine,6253.0
DMOG,560326.0
Dabrafenib,44462760.0
Dasatinib,3062316.0
Docetaxel,148124.0
Doxorubicin,31703.0
EHT 1864,9938202.0
EKB-569,6445562.0
EX-527,5113032.0
Elesclomol,300471.0
Embelin,3218.0
Epothilone B,448013.0
Erlotinib,176870.0
Etoposide,36462.0
FH535,3463933.0
FK866,6914657.0
FMK,644243.0
FR-180204,11493598.0
FTI-277,3005532.0
GDC0941,17755052.0
GDC0941 (rescreen),17755052.1
GNF-2,5311510.0
GSK-1904529A,25124816.0
GSK-650394,25022668.0
GSK1070916,46885626.0
GSK2126458,25167777.0
GSK269962A,16095342.0
GSK429286A,11373846.0
GSK690693,16725726.0
GW 441756,9943465.0
GW-2580,11617559.0
GW843682X,9826308.0
Gefitinib,123631.0
Gemcitabine,60750.0
HG-5-113-01,25226483.0
HG-5-88-01,25226117.0
HG-6-64-1,53302361.0
IOX2,54685215.0
IPA-3,521106.0
Imatinib,5291.0
JNJ-26854165,11609586.0
JNK Inhibitor VIII,11624601.0
JNK-9L,25222038.0
JQ1,46907787.0
JW-7-24-1,69923936.0
JW-7-52-1,49836027.0
KIN001-055,3796.0
KIN001-135,11626927.0
KIN001-244,56965967.0
KIN001-266,44143370.0
KIN001-270,66577006.0
KU-55933,5278396.0
LAQ824,6445533.0
LFM-A13,54676905.0
LY317615,176167.0
Lapatinib,208908.0
Lenalidomide,216326.0
MG-132,462382.0
MK-2206,46930998.0
MLN4924,16720766.0
MP470,11282283.0
MPS-1-IN-1,25195352.0
MS-275,4261.0
Masitinib,10074640.0
Methotrexate,126941.0
Midostaurin,9829523.0
Mitomycin C,5746.0
NG-25,53340664.0
NPK76-II-72-1,46843648.0
NSC-207895,42640.0
NU-7441,11327430.0
NVP-BEZ235,11977753.0
NVP-BHG712,16747388.0
NVP-TAE684,16038120.0
Nilotinib,644241.0
Nutlin-3a,11433190.0
OSI-906,11640390.0
OSI-930,9868037.0
OSU-03012,10027278.0
Obatoclax Mesylate,11404337.0
Olaparib,23725625.0
PD-0325901,9826528.0
PD-0332991,5330286.0
PD-173074,1401.0
PF-4708671,51371303.0
PF-562271,11713159.0
PFI-1,71271629.0
PHA-665752,10461815.0
PHA-793887,46191454.0
PI-103,9884685.0
PIK-93,6852167.0
PLX4720,24180719.0
"PXD101, Belinostat",6918638.0
Paclitaxel,36314.0
Parthenolide,7251185.0
Pazopanib,10113978.0
Phenformin,8249.0
Pyrimethamine,4993.0
QL-VIII-58,58525121.0
QL-X-138,73707530.0
QL-XI-92,73265214.0
QL-XII-47,71748056.0
QL-XII-61,71576693.0
QS11,4263900.0
RDEA119,44182295.0
RDEA119 (rescreen),44182295.1
Roscovitine,160355.0
Ruxolitinib,25126798.0
S-Trityl-L-cysteine,76044.0
SB 216763,176158.0
SB-505124,9858940.0
SB-715992,6450816.0
SB52334,9967941.0
SGC0946,56962337.0
SL 0101-1,10459196.0
SNX-2112,24772860.0
STF-62247,704473.0
Salubrinal,5717801.0
Shikonin,5208.0
Sorafenib,216239.0
Sunitinib,5329102.0
T0901317,447912.0
TAK-715,9952773.0
TG101348,16722836.0
TGX221,9907093.0
TPCA-1,9903786.0
TW 37,11455910.0
Tamoxifen,2733526.0
Temozolomide,5394.0
Temsirolimus,6918289.0
Thapsigargin,446378.0
Tipifarnib,159324.0
Trametinib,11707110.0
Tubastatin A,53394750.0
UNC0638,46224516.0
UNC1215,57339144.0
VNLG/124,24894414.0
VX-11e,11634725.0
VX-680,5494449.0
VX-702,10341154.0
Vinblastine,6710780.0
Vinorelbine,5311497.0
Vismodegib,24776445.0
Vorinostat,5311.0
WH-4-023,11844351.0
WZ-1-84,49821040.0
WZ3105,42628507.0
XL-184,25102847.0
XL-880,42642645.0
XMD11-85h,42628535.0
XMD13-2,68234129.0
XMD14-99,73265211.0
XMD8-85,46844147.0
XMD8-92,46843772.0
Y-39983,9810884.0
YK 4-279,44632017.0
YM155,11178236.0
YM201636,9956222.0
Z-LLNle-CHO,16760646.0
ZG-10,57340680.0
ZM-447439,9914412.0
ZSTK474,11647372.0
"Zibotentan, ZD4054",9910224.0
piperlongumine,637858.0
