,0,
TCGA-HU-8243,0,5-fluorouracil
TCGA-RD-A7BS,0,5-fluorouracil
TCGA-RD-A8MW,0,5-fluorouracil
TCGA-VQ-A8DT,1,5-fluorouracil
TCGA-VQ-A8DU,0,5-fluorouracil
TCGA-VQ-A8PD,0,5-fluorouracil
TCGA-VQ-A8PP,1,5-fluorouracil
TCGA-VQ-A91D,0,5-fluorouracil
TCGA-VQ-A91N,1,5-fluorouracil
TCGA-VQ-A91Q,1,5-fluorouracil
TCGA-VQ-A91Y,0,5-fluorouracil
TCGA-VQ-A922,0,5-fluorouracil
TCGA-VQ-A928,0,5-fluorouracil
TCGA-VQ-A94O,0,5-fluorouracil
TCGA-VQ-A94R,1,5-fluorouracil
TCGA-VQ-AA6F,1,5-fluorouracil
TCGA-VQ-AA6G,1,5-fluorouracil
TCGA-VQ-AA6K,0,5-fluorouracil
TCGA-JY-A93D,1,5-fluorouracil
TCGA-D5-5539,1,5-fluorouracil
TCGA-D5-6536,1,5-fluorouracil
